{
  "is_international": 0.9133518934249878,
  "user_txn_amount_sum_10m": 0.012985320761799812,
  "user_txn_amount_sum_1h": 0.005981347989290953,
  "device_txn_count_1h": 0.005624369718134403,
  "user_txn_amount_sum_5m": 0.0038689016364514828,
  "user_failed_logins_7d": 0.003549146931618452,
  "merchant_fraud_rate_30d": 0.0030905965249985456,
  "merchant_txn_count_30d": 0.0027922552544623613,
  "user_distinct_merchants_30d": 0.0027622838970273733,
  "merchant_avg_ticket_30d": 0.0027254994492977858,
  "user_failed_logins_1d": 0.0027096921112388372,
  "local_hour": 0.0026627492625266314,
  "user_txn_count_30d": 0.002447817474603653,
  "user_account_age_days": 0.0024444267619401217,
  "user_decline_count_7d": 0.002395212184637785,
  "user_distinct_devices_30d": 0.002313512610271573,
  "user_avg_ticket_30d": 0.0022811705712229013,
  "user_txn_amount_sum_30d": 0.0022250069305300713,
  "user_txn_amount_sum_7d": 0.0021964239422231913,
  "user_is_verified": 0.002143057994544506,
  "user_txn_amount_sum_1d": 0.0020737287122756243,
  "user_txn_count_1h": 0.001986371586099267,
  "txn_amount": 0.0018880030838772655,
  "user_is_standard_account": 0.0018539858283475041,
  "merchant_is_high_risk": 0.0018440234707668424,
  "user_txn_count_7d": 0.001656919252127409,
  "merchant_is_online": 0.0016314476961269975,
  "user_txn_count_1d": 0.0015792904887348413,
  "device_txn_count_1d": 0.0015589697286486626,
  "device_txn_count_7d": 0.0012841782299801707,
  "user_txn_count_5m": 0.0011841949308291078,
  "user_distinct_merchants_5m": 0.0007335034315474331,
  "device_txn_count_10m": 0.000134963498567231,
  "user_distinct_merchants_10m": 3.9707614632789046e-05,
  "device_distinct_users_30d": 0.0,
  "device_is_shared_flag": 0.0,
  "user_txn_count_10m": 0.0,
  "user_distinct_merchants_1h": 0.0,
  "device_txn_count_5m": 0.0,
  "user_failed_logins_15m": 0.0,
  "user_failed_logins_1h": 0.0
}