{
  "is_international": 0.7390808900358284,
  "merchant_avg_ticket_30d": 0.01779582765071703,
  "user_account_age_days": 0.01714880904803438,
  "txn_amount": 0.016922588451409867,
  "merchant_fraud_rate_30d": 0.016710330571451007,
  "user_txn_amount_sum_30d": 0.01650930179377311,
  "user_avg_ticket_30d": 0.016217428752695755,
  "user_txn_amount_sum_7d": 0.016015240015175083,
  "merchant_txn_count_30d": 0.015054504254607868,
  "user_txn_amount_sum_1d": 0.013398615509074964,
  "user_txn_count_30d": 0.010546356328206118,
  "local_hour": 0.010474947636398698,
  "user_distinct_merchants_30d": 0.010228430832626065,
  "user_txn_amount_sum_1h": 0.008835925253602347,
  "device_txn_count_7d": 0.0073464249657612685,
  "user_txn_count_7d": 0.0072768908393852656,
  "user_txn_amount_sum_10m": 0.0071249362768078,
  "device_txn_count_1h": 0.004928828854998663,
  "user_txn_amount_sum_5m": 0.004162569577119902,
  "device_txn_count_1d": 0.004103444444085914,
  "user_txn_count_1d": 0.003921587181696564,
  "user_distinct_merchants_1h": 0.003623829552848461,
  "user_failed_logins_7d": 0.0035879448828207375,
  "user_decline_count_7d": 0.003448195369981308,
  "user_txn_count_1h": 0.0033111489428503753,
  "user_distinct_devices_30d": 0.002882808650330176,
  "device_txn_count_10m": 0.002804870829845247,
  "user_distinct_merchants_10m": 0.0022261819537665833,
  "user_txn_count_10m": 0.0021297099560062213,
  "user_is_standard_account": 0.0020106848175196015,
  "merchant_is_online": 0.0018854116267067631,
  "merchant_is_high_risk": 0.0018120671636076974,
  "user_txn_count_5m": 0.0016672373912826157,
  "user_is_verified": 0.0013090413131327913,
  "user_distinct_merchants_5m": 0.0012530069494835427,
  "device_txn_count_5m": 0.0010645359111519177,
  "user_failed_logins_1d": 0.0009566231374133128,
  "device_distinct_users_30d": 0.0001337808626449496,
  "user_failed_logins_1h": 6.916642353337109e-05,
  "user_failed_logins_15m": 1.9875991618420475e-05,
  "device_is_shared_flag": 0.0
}